<?xml version="1.0" encoding="UTF-8"?>

<beans xmlns="http://www.springframework.org/schema/beans"
	xmlns:xsi="http://www.w3.org/2001/XMLSchema-instance" xmlns:context="http://www.springframework.org/schema/context"
	xmlns:p="http://www.springframework.org/schema/p"
	xmlns:jdbc="http://www.springframework.org/schema/jdbc"
	xmlns:jpa="http://www.springframework.org/schema/data/jpa"
	xmlns:tx="http://www.springframework.org/schema/tx"
	xsi:schemaLocation="http://www.springframework.org/schema/beans http://www.springframework.org/schema/beans/spring-beans.xsd
		http://www.springframework.org/schema/context http://www.springframework.org/schema/context/spring-context.xsd
		http://www.springframework.org/schema/jdbc http://www.springframework.org/schema/jdbc/spring-jdbc-3.1.xsd
		http://www.springframework.org/schema/data/jpa http://www.springframework.org/schema/data/jpa/spring-jpa.xsd
		http://www.springframework.org/schema/tx http://www.springframework.org/schema/tx/spring-tx-3.0.xsd">

	<!-- Activates @Autowired -->
	<context:annotation-config />
    
    <tx:annotation-driven />
     
	<jdbc:embedded-database id="dataSource">
	</jdbc:embedded-database>

    <jpa:repositories base-package="com.luxoft.springadvanced.transactions.data.repositories" />

    <bean id="entityManagerFactory" 
          class="org.springframework.orm.jpa.LocalContainerEntityManagerFactoryBean"
          p:dataSource-ref="dataSource">
        <property name="packagesToScan" value="com.luxoft.springadvanced.transactions.orm.model" />
        <property name="jpaVendorAdapter">
            <bean class="org.springframework.orm.jpa.vendor.HibernateJpaVendorAdapter" >
                <property name="showSql" value="true" />
                <property name="generateDdl" value="true" />
            </bean>
        </property>
    </bean>
    
    <bean id="transactionManager" class="org.springframework.orm.jpa.JpaTransactionManager">
        <property name="entityManagerFactory" ref="entityManagerFactory" />
    </bean>

    <bean id="versionedBookUpdater" class="com.luxoft.springadvanced.transactions.data.repositories.version.VersionedBookManager" />
    <bean id="bookService" class="com.luxoft.springadvanced.transactions.data.repositories.BookService" >
            <property name="bookService" ref="bookService" />
    </bean>
    <bean id="bookController" class="com.luxoft.springadvanced.transactions.data.repositories.BookController" />
    
</beans>